15,rs6422904,27456469,A,0.3791,0.3876,G,0.6814,0.4091,0.9646
15,exm1184126,84592782,0,0,0,C,NA,NA,NA
15,rs1620402,57835903,G,0.2277,0.2204,T,0.6815,0.4091,1.043
15,exm1189175,90763025,0,0,0,C,NA,NA,NA
15,rs12909685,82205619,A,0.4651,0.4684,G,0.09923,0.7528,0.9867
15,exm1173560,71125358,A,0.0005682,0.00133,G,1.231,0.2673,0.4268
15,exm1158398,45412333,C,0.0002834,0.0004982,T,0.245,0.6206,0.5688
15,rs8042524,34281623,C,0.2718,0.2563,T,2.768,0.09615,1.083
15,exm1174676,72690747,C,0.0002834,0.0001661,G,0.1464,0.702,1.707
15,rs8024233,51808573,A,0.2029,0.1862,G,4.04,0.04443,1.113
15,rs10520799,96201031,A,0.2606,0.2404,G,4.901,0.02685,1.114
15,rs2459367,54037120,G,0.2637,0.2561,A,0.6647,0.4149,1.04
15,exm1155615,43571346,0,0,0,A,NA,NA,NA
15,rs10083565,93845622,T,0.2369,0.255,C,3.879,0.0489,0.9072
15,rs8024882,78049547,T,0.09114,0.08391,C,1.467,0.2258,1.095
15,exm1142582,25925990,0,0,0,G,NA,NA,NA
15,exm1185930,86687049,T,0.005102,0.005316,C,0.01948,0.889,0.9596
15,exm1188018,90167538,0,0,0,C,NA,NA,NA
15,rs339996,60943212,C,0.4504,0.4664,T,2.302,0.1292,0.9374
15,exm1175041,73562512,0,0,0,A,NA,NA,NA
15,rs8024152,94014557,C,0.1478,0.1394,T,1.276,0.2587,1.071
15,rs2899575,55350088,C,0.1787,0.1528,T,10.91,0.0009581,1.206
15,exm1162478,52427863,0,0,0,C,NA,NA,NA
15,rs1377676,48200161,T,0.04141,0.04218,C,0.03302,0.8558,0.9809
15,rs931963,81476701,A,0.1343,0.1538,G,6.64,0.009974,0.8536
15,exm1152831,42178435,T,0,0.0003326,C,1.172,0.279,0
15,rs16956249,31077887,G,0.1829,0.1933,T,1.581,0.2087,0.9338
15,rs789777,36217163,A,0.2717,0.2572,G,2.41,0.1206,1.077
15,rs10851478,49829019,C,0.4015,0.4126,T,1.094,0.2955,0.9553
15,kgp28444633,101455102,T,0.001134,0.0008308,C,0.2167,0.6416,1.365
15,exm1150123,41191717,0,0,0,G,NA,NA,NA
15,rs901273,63677966,C,0.4841,0.489,T,0.2164,0.6418,0.9805
15,rs1996142,97706598,G,0.4827,0.498,A,2.085,0.1488,0.9406
15,rs34599571,58246028,0,0,0,A,NA,NA,NA
15,exm1157080,44088848,0,0,0,C,NA,NA,NA
15,rs2066705,25937004,G,0.3568,0.35,A,0.4476,0.5035,1.03
15,exm1177874,75647024,G,0.0005708,0.0006698,A,0.03422,0.8532,0.8521
15,rs1685168,79846833,T,0.4206,0.4221,C,0.02009,0.8873,0.9939
15,rs8042941,26327466,C,0.4255,0.4226,T,0.07603,0.7828,1.012
15,exm1169932,65472485,0,0,0,G,NA,NA,NA
15,rs12440928,57771387,T,0.1389,0.1285,C,2.079,0.1493,1.094
15,exm1177156,75114242,0,0,0,G,NA,NA,NA
15,rs2279663,33952326,T,0.1598,0.1626,C,0.1295,0.7189,0.9794
15,newrs191205969,31360213,0,0,0,A,NA,NA,NA
15,exm1141425,23000199,0,0,0,A,NA,NA,NA
15,rs8032573,101786253,A,0.2019,0.1925,G,1.248,0.264,1.061
15,var_15_31217494,31217494,0,0,0,C,NA,NA,NA
15,rs11637671,61065607,G,0.1799,0.1709,A,1.245,0.2644,1.064
15,rs149592795,28419695,0,0,0,T,NA,NA,NA
15,rs8027997,66867547,C,0.3885,0.3942,T,0.3009,0.5833,0.9764
15,exm1174675,72690735,A,0.0005834,0.0006793,G,0.03097,0.8603,0.8587
15,exm1161836,51773243,A,0,0.0001664,T,0.5861,0.4439,0
15,exm1172410,68506647,A,0.0002838,0.0004988,G,0.2452,0.6205,0.5687
15,exm1831095,43579821,0,0,0,C,NA,NA,NA
15,rs11070354,42233211,C,0.4481,0.4515,T,0.1063,0.7444,0.9862
15,exm2223432,48413251,0,0,0,A,NA,NA,NA
15,exm1166805,62202482,C,0.4557,0.4509,T,0.2014,0.6536,1.019
15,exm1180459,78789534,G,0.003401,0.002824,A,0.2449,0.6207,1.205
15,exm1152755,42170730,A,0.00115,0.001011,G,0.0399,0.8417,1.138
15,exm1189581,90903608,0,0,0,T,NA,NA,NA
15,rs7177833,49178045,G,0.1364,0.1315,A,0.4616,0.4969,1.043
15,exm1190321,91433138,0,0,0,C,NA,NA,NA
15,rs10153042,33879608,G,0.3949,0.4135,A,3.181,0.0745,0.9257
15,exm1153543,42457275,A,0.0002834,0.0001661,G,0.1464,0.702,1.707
15,exm1170906,65968870,0,0,0,T,NA,NA,NA
15,exm1145597,33916136,A,0.001417,0.0004982,G,2.245,0.134,2.847
15,variant.35489,45962174,0,0,0,G,NA,NA,NA
15,rs4340305,39001315,C,0.3413,0.3506,T,0.8445,0.3581,0.9598
15,rs12592155,48623500,A,0.1455,0.1443,C,0.02633,0.8711,1.01
15,exm1181778,80137560,C,0.07313,0.07057,T,0.2188,0.64,1.039
15,exm1153417,42439479,T,0.0002889,0.0005066,C,0.2431,0.622,0.5701
15,exm1164202,56208534,T,0.0008503,0.0004982,C,0.4394,0.5074,1.708
15,rs8042678,35303064,C,0.3072,0.3233,T,2.64,0.1042,0.9284
15,rs7169879,97792086,A,0.2771,0.2569,G,4.465,0.03459,1.109
15,rs7175089,61567692,C,0.3467,0.3438,T,0.0843,0.7716,1.013
15,rs2412709,42681930,A,0.05837,0.0592,G,0.02724,0.8689,0.9852
15,exm1172820,69238272,T,0.04056,0.04002,G,0.01655,0.8976,1.014
15,rs1979205,36874798,G,0.1565,0.1542,T,0.08581,0.7696,1.017
15,rs12911848,66817545,A,0.3912,0.4015,G,0.999,0.3176,0.9576
15,rs2567426,96332861,T,0.3571,0.3564,C,0.004393,0.9472,1.003
15,rs716400,86088342,T,0.2943,0.2918,G,0.06735,0.7952,1.012
15,exm1842460,85360319,T,0.0005831,0.0005164,C,0.01776,0.894,1.129
15,exm1160973,50763945,A,0.01281,0.01282,T,0.00006234,0.9937,0.9985
15,exm1192278,99459340,A,0,0.0001772,G,0.5855,0.4442,0
15,rs10851410,42844788,G,0.2079,0.21,A,0.05829,0.8092,0.9875
15,rs2570218,52201631,A,0.007378,0.006979,G,0.04999,0.8231,1.058
15,exm1153727,42580012,0,0,0,G,NA,NA,NA
15,exm1164995,57839671,0,0,0,G,NA,NA,NA
15,rs6495758,35465985,C,0.1907,0.2,A,1.228,0.2679,0.9423
15,rs10220773,86903044,C,0.4154,0.4228,T,0.4925,0.4828,0.9703
15,rs17267218,82311287,C,0.4895,0.4949,A,0.2543,0.6141,0.9788
15,exm1146744,34653684,0,0,0,T,NA,NA,NA
15,exm1153053,42287606,C,0.05051,0.04415,T,2.02,0.1553,1.152
15,variant.34260,25653770,0,0,0,C,NA,NA,NA
15,exm1163628,55611603,0,0,0,G,NA,NA,NA
15,exm1147643,39876332,0,0,0,G,NA,NA,NA
15,rs936482,51210641,C,0.3227,0.3278,T,0.2584,0.6112,0.9772
15,exm1162597,52517648,0,0,0,G,NA,NA,NA
15,rs8038465,73978337,T,0.3571,0.3728,C,2.347,0.1255,0.9347
15,rs1129038,28356859,G,0.4836,0.04579,A,2587,0,19.51
15,exm-rs12913832,28365618,A,0.4847,0.04422,G,2627,0,20.33
15,exm-rs916977,28513364,A,0.3218,0.03145,G,1567,0,14.61
15,exm-rs1667394,28530182,G,0.333,0.03188,A,1645,0,15.16
15,rs8039195,28516084,C,0.2707,0.02773,T,1267,2.094E-277,13.01
15,rs3935591,28374012,A,0.2563,0.0236,G,1214,6.442E-266,14.26
15,rs2238289,28453215,C,0.2356,0.02624,T,1044,4.883E-229,11.44
15,rs7495174,28344238,G,0.1412,0.01196,A,661.9,5.82E-146,13.59
15,rs4778241,28338713,A,0.3111,0.1084,C,610.4,9.167E-135,3.716
15,rs2240203,28494202,G,0.1158,0.006988,A,584.6,3.724E-129,18.61
15,rs8028689,28488888,C,0.1154,0.006974,T,583.3,7.131E-129,18.57
15,rs7183877,28365733,A,0.1438,0.01943,C,563.1,1.816E-124,8.476
15,rs61756152,28412872,A,0.1418,0.01994,G,543.5,3.215E-120,8.124
15,rs61756153,28422609,T,0.1075,0.006483,C,541.8,7.688E-120,18.47
15,rs201872292,28475625,A,0.1337,0.02028,G,488.9,2.482E-108,7.455
15,rs11636232,28386626,T,0.27,0.496,C,465.3,3.381E-103,0.3758
15,exm-rs4778138,28335820,G,0.2633,0.1095,A,379.2,1.885E-084,2.908
15,rs7174027,28328765,A,0.1872,0.08535,G,213.8,2.009E-048,2.468
15,rs7179994,28323770,G,0.1822,0.0902,A,172.9,1.693E-039,2.247
15,rs4778232,28281765,T,0.2995,0.1831,C,172.1,2.551E-039,1.908
15,rs1800407,28230318,A,0.08849,0.02923,G,161,6.746E-037,3.224
15,exm1143095,28230318,T,0.08849,0.02924,C,160.9,7.11E-037,3.223
15,rs118112076,28474686,C,0.02608,0.001661,G,125.5,4.018E-029,16.09
15,rs1470608,28288121,A,0.1987,0.1177,C,115.9,5.067E-027,1.858
15,rs11638265,28202573,G,0.3569,0.2581,A,104.5,1.556E-024,1.595
15,rs12442147,28292178,C,0.1894,0.1152,T,100.1,1.428E-023,1.794
15,rs1597196,28294922,T,0.2543,0.1663,G,99.51,1.947E-023,1.71
15,rs1800411,28211921,C,0.3548,0.2587,T,98.82,2.769E-023,1.576
15,rs7179419,28307179,C,0.1438,0.07967,T,98.5,3.248E-023,1.941
15,rs7176632,28201001,T,0.2132,0.1363,C,95.42,1.541E-022,1.716
15,rs7170451,28192224,A,0.3511,0.2563,G,92.13,8.109E-022,1.57
15,rs1900758,28230097,G,0.3827,0.2887,A,89.72,2.738E-021,1.527
15,rs4778218,28211758,A,0.2129,0.1407,G,83.27,7.146E-020,1.652
15,rs921221,28198567,A,0.3011,0.2184,G,81.23,2.007E-019,1.542
15,rs1037208,28231357,C,0.2194,0.1471,A,80.89,2.387E-019,1.629
15,rs10852218,28231793,T,0.2166,0.145,C,80.26,3.275E-019,1.63
15,rs4778244,28356349,G,0.01389,0.0008303,A,67.47,2.136E-016,16.95
15,rs11635884,28368969,C,0.0139,0.0008314,T,67.42,2.199E-016,16.94
15,rs12324648,28286793,A,0.161,0.1043,C,65.22,6.711E-016,1.648
15,rs11637518,28009556,G,0.3987,0.4839,A,65.14,6.992E-016,0.7072
15,rs16950821,28283507,A,0.1597,0.104,G,63.16,1.908E-015,1.637
15,rs1498519,28011651,A,0.3971,0.4807,C,62.65,2.473E-015,0.7116
15,rs749846,28268990,A,0.1688,0.1115,C,61.66,4.08E-015,1.618
15,rs7178315,28237909,T,0.2584,0.191,C,59.56,1.188E-014,1.475
15,rs1800404,28235773,G,0.2585,0.1913,A,59.31,1.348E-014,1.474
15,rs2594934,28182715,T,0.3605,0.2855,C,58.16,2.422E-014,1.411
15,rs1382054,27913990,C,0.4024,0.4829,A,58.09,2.5E-014,0.7212
15,rs11631195,28021888,A,0.3409,0.4181,G,55.79,8.079E-014,0.7197
15,rs17674017,28040757,G,0.3775,0.4555,A,55.33,1.019E-013,0.7249
15,rs6497233,28043390,T,0.3462,0.4223,C,53.87,2.141E-013,0.7244
15,rs1498509,28030000,C,0.5377,0.4623,T,50.62,1.119E-012,1.353
15,rs7162117,28304344,A,0.108,0.06663,G,50.59,1.139E-012,1.696
15,rs3794604,28272065,A,0.1595,0.1091,G,50.56,1.154E-012,1.549
15,rs6497238,28053778,C,0.3517,0.4255,T,50.29,1.327E-012,0.7327
15,exm1143132,28260053,A,0.06378,0.03338,G,48.24,3.78E-012,1.973
15,rs2279728,28021503,A,0.4319,0.5042,G,46.55,8.915E-012,0.7476
15,rs3947367,28014104,G,0.2765,0.2152,A,46.11,1.119E-011,1.394
15,rs4778192,28080061,C,0.4433,0.5148,T,45.5,1.525E-011,0.7505
15,rs1947747,27891687,T,0.4404,0.5117,C,45.01,1.964E-011,0.751
15,rs4322616,27987988,G,0.4705,0.4032,A,41.16,1.401E-010,1.315
15,rs3097531,27910951,C,0.08281,0.05081,A,38.79,4.723E-010,1.687
15,rs2703983,28150561,A,0.3726,0.4366,C,37.54,8.976E-010,0.7664
15,rs1562592,28186015,T,0.2126,0.1626,C,37.53,8.991E-010,1.391
15,rs61756151,28375699,A,0.007653,0.0004982,G,36.37,1.634E-009,15.47
15,rs1018105,28083423,C,0.3082,0.3686,T,35.86,2.12E-009,0.763
15,rs6497235,28049304,A,0.4172,0.4797,G,35.07,3.177E-009,0.7763
15,newrs145242923,28267738,C,0.01249,0.002661,T,34.3,4.73E-009,4.738
15,rs17565757,27984185,A,0.4445,0.3831,G,33.67,6.537E-009,1.288
15,rs11074321,28367351,G,0.0227,0.007879,A,32.18,0.000000014,2.925
15,rs1490079,29303803,G,0.07313,0.04633,A,30.11,4.088E-008,1.624
15,rs11074304,28001017,A,0.4184,0.3633,C,28.54,9.19E-008,1.261
15,rs3098583,27916934,A,0.4529,0.5095,G,28.47,9.505E-008,0.797
15,rs9972608,27905337,T,0.0647,0.04056,C,27.54,0.000000154,1.636
15,rs7494786,28414665,T,0.01447,0.004484,C,27.37,1.681E-007,3.261
15,rs9744156,29057655,G,0.005395,0.0003323,A,25.92,3.554E-007,16.32
15,rs3751651,28171128,C,0.2296,0.1863,T,25.77,3.841E-007,1.301
15,rs1375166,28133374,T,0.2247,0.1828,C,24.57,7.177E-007,1.296
15,rs1968813,27898527,G,0.5224,0.4704,T,24.05,9.411E-007,1.231
15,rs989869,28006306,C,0.3775,0.3281,T,23.92,0.000001002,1.242
15,rs7164752,28002059,T,0.3772,0.328,C,23.82,0.000001059,1.241
15,rs12592307,28090173,T,0.2239,0.1829,C,23.58,0.000001198,1.289
15,rs6497218,27880297,C,0.4538,0.4029,T,23.58,0.000001201,1.231
